key,year,identifier,paper_count,ew
Absolute Mobility Measures,1976,appeared,1,1.0
Absolute Mobility Measures,1977,filled,0,0.8705505632961241
Absolute Mobility Measures,1978,filled,0,0.757858283255199
Absolute Mobility Measures,1979,filled,0,0.6597539553864471
Absolute Mobility Measures,1980,filled,0,0.5743491774985174
Absolute Mobility Measures,1981,filled,0,0.49999999999999994
Absolute Mobility Measures,1982,filled,0,0.435275281648062
Absolute Mobility Measures,1983,filled,0,0.37892914162759944
Absolute Mobility Measures,1984,filled,0,0.3298769776932235
Absolute Mobility Measures,1985,filled,0,0.28717458874925866
Absolute Mobility Measures,1986,appeared,1,1.25
Absolute Mobility Measures,1987,filled,0,1.0881882041201552
Absolute Mobility Measures,1988,filled,0,0.9473228540689987
Absolute Mobility Measures,1989,filled,0,0.8246924442330589
Absolute Mobility Measures,1990,filled,0,0.7179364718731468
Absolute Mobility Measures,1991,filled,0,0.6249999999999999
Absolute Mobility Measures,1992,filled,0,0.5440941020600775
Absolute Mobility Measures,1993,filled,0,0.4736614270344993
Absolute Mobility Measures,1994,filled,0,0.4123462221165294
Absolute Mobility Measures,1995,filled,0,0.35896823593657334
Absolute Mobility Measures,1996,filled,0,0.3124999999999999
Absolute Mobility Measures,1997,filled,0,0.2720470510300387
Absolute Mobility Measures,1998,filled,0,0.2368307135172496
Absolute Mobility Measures,1999,filled,0,0.20617311105826464
Absolute Mobility Measures,2000,filled,0,0.17948411796828664
Absolute Mobility Measures,2001,filled,0,0.15624999999999994
Absolute Mobility Measures,2002,appeared,1,1.1360235255150193
Absolute Mobility Measures,2003,filled,0,0.9889659200547489
Absolute Mobility Measures,2004,appeared,1,1.8609448387843313
Absolute Mobility Measures,2005,filled,0,1.6200465776667146
Absolute Mobility Measures,2006,filled,0,1.4103324607537164
Absolute Mobility Measures,2007,filled,0,1.2277657181439567
Absolute Mobility Measures,2008,appeared,1,2.068832137525892
Absolute Mobility Measures,2009,filled,0,1.8010229826882898
Absolute Mobility Measures,2010,appeared,1,2.567881572088556
Absolute Mobility Measures,2011,filled,0,2.235470749059429
Absolute Mobility Measures,2012,appeared,1,2.9460903198256947
Absolute Mobility Measures,2013,appeared,1,3.564720587445517
Absolute Mobility Measures,2014,appeared,1,4.103269515393985
Absolute Mobility Measures,2015,filled,0,3.572103587982048
Absolute Mobility Measures,2016,appeared,1,4.109696790669878
Absolute Mobility Measures,2017,appeared,1,4.577698856093935
Absolute Mobility Measures,2018,appeared,1,4.985118317772598
Absolute Mobility Measures,2019,appeared,1,5.339797559634762
Absolute Mobility Measures,2020,appeared,1,5.648563773427312
Absolute Mobility Measures,2021,appeared,1,5.917360374771227
Absolute Mobility Measures,2022,appeared,1,6.151361407483256
Absolute Mobility Measures,2023,appeared,1,6.355071138322587
Absolute Mobility Measures,2024,appeared,1,6.532410759253668
Absolute Mobility Measures,2025,filled,0,5.686793866149943
Administrative/Registry Data,1976,filled,0,0.0
Administrative/Registry Data,1977,filled,0,0.0
Administrative/Registry Data,1978,filled,0,0.0
Administrative/Registry Data,1979,appeared,1,1.0
Administrative/Registry Data,1980,filled,0,0.8705505632961241
Administrative/Registry Data,1981,appeared,1,1.757858283255199
Administrative/Registry Data,1982,filled,0,1.5303045186825712
Administrative/Registry Data,1983,filled,0,1.3322074607537164
Administrative/Registry Data,1984,filled,0,1.159753955386447
Administrative/Registry Data,1985,filled,0,1.0096244591465795
Administrative/Registry Data,1986,filled,0,0.8789291416275995
Administrative/Registry Data,1987,filled,0,0.7651522593412856
Administrative/Registry Data,1988,filled,0,0.6661037303768582
Administrative/Registry Data,1989,filled,0,0.5798769776932235
Administrative/Registry Data,1990,filled,0,0.5048122295732898
Administrative/Registry Data,1991,filled,0,0.43946457081379975
Administrative/Registry Data,1992,filled,0,0.3825761296706428
Administrative/Registry Data,1993,filled,0,0.3330518651884291
Administrative/Registry Data,1994,filled,0,0.2899384888466118
Administrative/Registry Data,1995,filled,0,0.2524061147866449
Administrative/Registry Data,1996,filled,0,0.21973228540689987
Administrative/Registry Data,1997,filled,0,0.1912880648353214
Administrative/Registry Data,1998,appeared,1,1.1665259325942146
Administrative/Registry Data,1999,filled,0,1.01551980771943
Administrative/Registry Data,2000,appeared,1,1.8840613406485214
Administrative/Registry Data,2001,filled,0,1.6401706613860212
Administrative/Registry Data,2002,filled,0,1.4278514931713773
Administrative/Registry Data,2003,filled,0,1.2430169216835545
Administrative/Registry Data,2004,filled,0,1.0821090813582326
Administrative/Registry Data,2005,appeared,1,1.942030670324261
Administrative/Registry Data,2006,appeared,1,2.6906358939891346
Administrative/Registry Data,2007,appeared,1,3.3423345931370116
Administrative/Registry Data,2008,appeared,1,3.9096712627795474
Administrative/Registry Data,2009,appeared,1,4.403566520115404
Administrative/Registry Data,2010,filled,0,3.8335273145984177
Administrative/Registry Data,2011,appeared,1,4.33727936313473
Administrative/Registry Data,2012,filled,0,3.7758209927495936
Administrative/Registry Data,2013,appeared,1,4.28704309214349
Administrative/Registry Data,2014,appeared,1,4.732087778740273
Administrative/Registry Data,2015,appeared,1,5.11952168134905
Administrative/Registry Data,2016,appeared,1,5.456802483505136
Administrative/Registry Data,2017,appeared,1,5.750422475811085
Administrative/Registry Data,2018,appeared,1,6.006033525508033
Administrative/Registry Data,2019,appeared,1,6.228555868806424
Administrative/Registry Data,2020,appeared,1,6.422272820110813
Administrative/Registry Data,2021,appeared,1,6.590913221188855
Administrative/Registry Data,2022,appeared,1,6.73772321734183
Administrative/Registry Data,2023,appeared,1,6.865528742190303
Administrative/Registry Data,2024,appeared,1,6.976789913839499
Administrative/Registry Data,2025,appeared,1,7.0736483894916935
Archival/Historical Data,1976,appeared,1,1.0
Archival/Historical Data,1977,filled,0,0.8705505632961241
Archival/Historical Data,1978,filled,0,0.757858283255199
Archival/Historical Data,1979,filled,0,0.6597539553864471
Archival/Historical Data,1980,filled,0,0.5743491774985174
Archival/Historical Data,1981,filled,0,0.49999999999999994
Archival/Historical Data,1982,filled,0,0.435275281648062
Archival/Historical Data,1983,filled,0,0.37892914162759944
Archival/Historical Data,1984,filled,0,0.3298769776932235
Archival/Historical Data,1985,filled,0,0.28717458874925866
Archival/Historical Data,1986,filled,0,0.24999999999999992
Archival/Historical Data,1987,filled,0,0.21763764082403095
Archival/Historical Data,1988,filled,0,0.1894645708137997
Archival/Historical Data,1989,filled,0,0.16493848884661172
Archival/Historical Data,1990,filled,0,0.14358729437462933
Archival/Historical Data,1991,filled,0,0.12499999999999996
Archival/Historical Data,1992,filled,0,0.10881882041201547
Archival/Historical Data,1993,filled,0,0.09473228540689985
Archival/Historical Data,1994,filled,0,0.08246924442330586
Archival/Historical Data,1995,filled,0,0.07179364718731467
Archival/Historical Data,1996,filled,0,0.06249999999999998
Archival/Historical Data,1997,filled,0,0.05440941020600774
Archival/Historical Data,1998,filled,0,0.04736614270344992
Archival/Historical Data,1999,filled,0,0.04123462221165293
Archival/Historical Data,2000,filled,0,0.03589682359365733
Archival/Historical Data,2001,filled,0,0.03124999999999999
Archival/Historical Data,2002,filled,0,0.02720470510300387
Archival/Historical Data,2003,filled,0,0.02368307135172496
Archival/Historical Data,2004,appeared,1,1.0206173111058265
Archival/Historical Data,2005,filled,0,0.8884989750929528
Archival/Historical Data,2006,appeared,1,1.773483283255199
Archival/Historical Data,2007,filled,0,1.543906871234073
Archival/Historical Data,2008,appeared,1,2.3440489964295788
Archival/Historical Data,2009,filled,0,2.0406131742354843
Archival/Historical Data,2010,filled,0,1.7764569483001926
Archival/Historical Data,2011,appeared,1,2.5464955970140464
Archival/Historical Data,2012,filled,0,2.216853176411678
Archival/Historical Data,2013,filled,0,1.9298827814699884
Archival/Historical Data,2014,appeared,1,2.6800605425041892
Archival/Historical Data,2015,appeared,1,3.333128214944738
Archival/Historical Data,2016,appeared,1,3.9016566450583463
Archival/Historical Data,2017,appeared,1,4.396589390143609
Archival/Historical Data,2018,appeared,1,4.827453370171281
Archival/Historical Data,2019,appeared,1,5.202542250688382
Archival/Historical Data,2020,appeared,1,5.529076086908657
Archival/Historical Data,2021,filled,0,4.813340301965461
Archival/Historical Data,2022,filled,0,4.190256111211968
Archival/Historical Data,2023,filled,0,3.6478298179706057
Archival/Historical Data,2024,appeared,1,4.175620302842709
Archival/Historical Data,2025,filled,0,3.635088606750452
Big Data,1976,filled,0,0.0
Big Data,1977,filled,0,0.0
Big Data,1978,filled,0,0.0
Big Data,1979,filled,0,0.0
Big Data,1980,filled,0,0.0
Big Data,1981,filled,0,0.0
Big Data,1982,filled,0,0.0
Big Data,1983,filled,0,0.0
Big Data,1984,filled,0,0.0
Big Data,1985,filled,0,0.0
Big Data,1986,filled,0,0.0
Big Data,1987,filled,0,0.0
Big Data,1988,filled,0,0.0
Big Data,1989,filled,0,0.0
Big Data,1990,filled,0,0.0
Big Data,1991,filled,0,0.0
Big Data,1992,filled,0,0.0
Big Data,1993,filled,0,0.0
Big Data,1994,filled,0,0.0
Big Data,1995,filled,0,0.0
Big Data,1996,filled,0,0.0
Big Data,1997,filled,0,0.0
Big Data,1998,filled,0,0.0
Big Data,1999,filled,0,0.0
Big Data,2000,filled,0,0.0
Big Data,2001,filled,0,0.0
Big Data,2002,filled,0,0.0
Big Data,2003,filled,0,0.0
Big Data,2004,filled,0,0.0
Big Data,2005,filled,0,0.0
Big Data,2006,filled,0,0.0
Big Data,2007,filled,0,0.0
Big Data,2008,filled,0,0.0
Big Data,2009,filled,0,0.0
Big Data,2010,filled,0,0.0
Big Data,2011,filled,0,0.0
Big Data,2012,filled,0,0.0
Big Data,2013,filled,0,0.0
Big Data,2014,filled,0,0.0
Big Data,2015,filled,0,0.0
Big Data,2016,filled,0,0.0
Big Data,2017,filled,0,0.0
Big Data,2018,filled,0,0.0
Big Data,2019,filled,0,0.0
Big Data,2020,filled,0,0.0
Big Data,2021,filled,0,0.0
Big Data,2022,appeared,2,2.0
Big Data,2023,filled,0,1.7411011265922482
Big Data,2024,filled,0,1.515716566510398
Big Data,2025,appeared,2,3.319507910772894
Decomposition / Structural Approaches,1976,filled,0,0.0
Decomposition / Structural Approaches,1977,filled,0,0.0
Decomposition / Structural Approaches,1978,filled,0,0.0
Decomposition / Structural Approaches,1979,appeared,2,2.0
Decomposition / Structural Approaches,1980,filled,0,1.7411011265922482
Decomposition / Structural Approaches,1981,appeared,2,3.515716566510398
Decomposition / Structural Approaches,1982,filled,0,3.0606090373651424
Decomposition / Structural Approaches,1983,filled,0,2.664414921507433
Decomposition / Structural Approaches,1984,filled,0,2.319507910772894
Decomposition / Structural Approaches,1985,filled,0,2.019248918293159
Decomposition / Structural Approaches,1986,filled,0,1.757858283255199
Decomposition / Structural Approaches,1987,filled,0,1.5303045186825712
Decomposition / Structural Approaches,1988,filled,0,1.3322074607537164
Decomposition / Structural Approaches,1989,filled,0,1.159753955386447
Decomposition / Structural Approaches,1990,filled,0,1.0096244591465795
Decomposition / Structural Approaches,1991,filled,0,0.8789291416275995
Decomposition / Structural Approaches,1992,filled,0,0.7651522593412856
Decomposition / Structural Approaches,1993,filled,0,0.6661037303768582
Decomposition / Structural Approaches,1994,filled,0,0.5798769776932235
Decomposition / Structural Approaches,1995,appeared,2,2.5048122295732895
Decomposition / Structural Approaches,1996,appeared,2,4.180565697406047
Decomposition / Structural Approaches,1997,filled,0,3.6393938227732883
Decomposition / Structural Approaches,1998,filled,0,3.168276342471721
Decomposition / Structural Approaches,1999,filled,0,2.7581447546165405
Decomposition / Structural Approaches,2000,appeared,2,4.401104469783679
Decomposition / Structural Approaches,2001,filled,0,3.8313839752952714
Decomposition / Structural Approaches,2002,filled,0,3.335413477897042
Decomposition / Structural Approaches,2003,appeared,2,4.903646082008754
Decomposition / Structural Approaches,2004,filled,0,4.268871858897553
Decomposition / Structural Approaches,2005,appeared,2,5.716268801402237
Decomposition / Structural Approaches,2006,appeared,2,6.976301025012778
Decomposition / Structural Approaches,2007,appeared,2,8.073222787048202
Decomposition / Structural Approaches,2008,filled,0,7.028148644879917
Decomposition / Structural Approaches,2009,appeared,2,8.118358761729104
Decomposition / Structural Approaches,2010,appeared,2,9.067441793063296
Decomposition / Structural Approaches,2011,appeared,2,9.89366656060607
Decomposition / Structural Approaches,2012,appeared,2,10.612936997399641
Decomposition / Structural Approaches,2013,appeared,2,11.239098281312534
Decomposition / Structural Approaches,2014,appeared,2,11.784203339737127
Decomposition / Structural Approaches,2015,appeared,2,12.258744855404224
Decomposition / Structural Approaches,2016,appeared,2,12.67185723917561
Decomposition / Structural Approaches,2017,appeared,2,13.031492457572396
Decomposition / Structural Approaches,2018,appeared,2,13.344573099528843
Decomposition / Structural Approaches,2019,appeared,2,13.617125628741139
Decomposition / Structural Approaches,2020,appeared,2,13.854396386574686
Decomposition / Structural Approaches,2021,appeared,2,14.06095257846038
Decomposition / Structural Approaches,2022,appeared,2,14.240770187658773
Decomposition / Structural Approaches,2023,appeared,2,14.397310508636997
Decomposition / Structural Approaches,2024,appeared,2,14.533586773243144
Decomposition / Structural Approaches,2025,filled,0,12.652222152159919
"Demographic Differences in Mobility (Race, Gender, etc.)",1976,filled,0,0.0
"Demographic Differences in Mobility (Race, Gender, etc.)",1977,filled,0,0.0
"Demographic Differences in Mobility (Race, Gender, etc.)",1978,filled,0,0.0
"Demographic Differences in Mobility (Race, Gender, etc.)",1979,filled,0,0.0
"Demographic Differences in Mobility (Race, Gender, etc.)",1980,filled,0,0.0
"Demographic Differences in Mobility (Race, Gender, etc.)",1981,filled,0,0.0
"Demographic Differences in Mobility (Race, Gender, etc.)",1982,filled,0,0.0
"Demographic Differences in Mobility (Race, Gender, etc.)",1983,filled,0,0.0
"Demographic Differences in Mobility (Race, Gender, etc.)",1984,filled,0,0.0
"Demographic Differences in Mobility (Race, Gender, etc.)",1985,filled,0,0.0
"Demographic Differences in Mobility (Race, Gender, etc.)",1986,filled,0,0.0
"Demographic Differences in Mobility (Race, Gender, etc.)",1987,filled,0,0.0
"Demographic Differences in Mobility (Race, Gender, etc.)",1988,filled,0,0.0
"Demographic Differences in Mobility (Race, Gender, etc.)",1989,filled,0,0.0
"Demographic Differences in Mobility (Race, Gender, etc.)",1990,filled,0,0.0
"Demographic Differences in Mobility (Race, Gender, etc.)",1991,filled,0,0.0
"Demographic Differences in Mobility (Race, Gender, etc.)",1992,filled,0,0.0
"Demographic Differences in Mobility (Race, Gender, etc.)",1993,filled,0,0.0
"Demographic Differences in Mobility (Race, Gender, etc.)",1994,filled,0,0.0
"Demographic Differences in Mobility (Race, Gender, etc.)",1995,filled,0,0.0
"Demographic Differences in Mobility (Race, Gender, etc.)",1996,filled,0,0.0
"Demographic Differences in Mobility (Race, Gender, etc.)",1997,filled,0,0.0
"Demographic Differences in Mobility (Race, Gender, etc.)",1998,filled,0,0.0
"Demographic Differences in Mobility (Race, Gender, etc.)",1999,filled,0,0.0
"Demographic Differences in Mobility (Race, Gender, etc.)",2000,filled,0,0.0
"Demographic Differences in Mobility (Race, Gender, etc.)",2001,filled,0,0.0
"Demographic Differences in Mobility (Race, Gender, etc.)",2002,filled,0,0.0
"Demographic Differences in Mobility (Race, Gender, etc.)",2003,filled,0,0.0
"Demographic Differences in Mobility (Race, Gender, etc.)",2004,filled,0,0.0
"Demographic Differences in Mobility (Race, Gender, etc.)",2005,appeared,1,1.0
"Demographic Differences in Mobility (Race, Gender, etc.)",2006,appeared,1,1.8705505632961241
"Demographic Differences in Mobility (Race, Gender, etc.)",2007,filled,0,1.6284088465513231
"Demographic Differences in Mobility (Race, Gender, etc.)",2008,filled,0,1.417612238641646
"Demographic Differences in Mobility (Race, Gender, etc.)",2009,filled,0,1.2341031328849645
"Demographic Differences in Mobility (Race, Gender, etc.)",2010,filled,0,1.0743491774985174
"Demographic Differences in Mobility (Race, Gender, etc.)",2011,appeared,1,1.935275281648062
"Demographic Differences in Mobility (Race, Gender, etc.)",2012,filled,0,1.6847549865717857
"Demographic Differences in Mobility (Race, Gender, etc.)",2013,appeared,1,2.466664402576022
"Demographic Differences in Mobility (Race, Gender, etc.)",2014,appeared,1,3.1473560851250535
"Demographic Differences in Mobility (Race, Gender, etc.)",2015,filled,0,2.7399326127990995
"Demographic Differences in Mobility (Race, Gender, etc.)",2016,filled,0,2.385249879465677
"Demographic Differences in Mobility (Race, Gender, etc.)",2017,filled,0,2.0764806261708575
"Demographic Differences in Mobility (Race, Gender, etc.)",2018,appeared,1,2.8076813787865285
"Demographic Differences in Mobility (Race, Gender, etc.)",2019,appeared,1,3.4442286058586506
"Demographic Differences in Mobility (Race, Gender, etc.)",2020,appeared,1,3.9983751529508726
"Demographic Differences in Mobility (Race, Gender, etc.)",2021,appeared,1,4.480787741670609
"Demographic Differences in Mobility (Race, Gender, etc.)",2022,appeared,1,4.900752292521716
"Demographic Differences in Mobility (Race, Gender, etc.)",2023,filled,0,4.266352668829551
"Demographic Differences in Mobility (Race, Gender, etc.)",2024,appeared,1,4.714075719069488
"Demographic Differences in Mobility (Race, Gender, etc.)",2025,filled,0,4.103841272656524
Empirical Estimates and Determinants,1976,filled,0,0.0
Empirical Estimates and Determinants,1977,filled,0,0.0
Empirical Estimates and Determinants,1978,filled,0,0.0
Empirical Estimates and Determinants,1979,filled,0,0.0
Empirical Estimates and Determinants,1980,appeared,1,1.0
Empirical Estimates and Determinants,1981,filled,0,0.8705505632961241
Empirical Estimates and Determinants,1982,filled,0,0.757858283255199
Empirical Estimates and Determinants,1983,filled,0,0.6597539553864471
Empirical Estimates and Determinants,1984,filled,0,0.5743491774985174
Empirical Estimates and Determinants,1985,filled,0,0.49999999999999994
Empirical Estimates and Determinants,1986,filled,0,0.435275281648062
Empirical Estimates and Determinants,1987,filled,0,0.37892914162759944
Empirical Estimates and Determinants,1988,filled,0,0.3298769776932235
Empirical Estimates and Determinants,1989,filled,0,0.28717458874925866
Empirical Estimates and Determinants,1990,appeared,1,1.25
Empirical Estimates and Determinants,1991,filled,0,1.0881882041201552
Empirical Estimates and Determinants,1992,appeared,1,1.9473228540689989
Empirical Estimates and Determinants,1993,filled,0,1.695243007529183
Empirical Estimates and Determinants,1994,filled,0,1.475794755128346
Empirical Estimates and Determinants,1995,filled,0,1.284753955386447
Empirical Estimates and Determinants,1996,filled,0,1.118443279558595
Empirical Estimates and Determinants,1997,filled,0,0.9736614270344993
Empirical Estimates and Determinants,1998,appeared,1,1.8476215037645916
Empirical Estimates and Determinants,1999,filled,0,1.6084479408602972
Empirical Estimates and Determinants,2000,filled,0,1.4002352609484228
Empirical Estimates and Determinants,2001,filled,0,1.2189755951657448
Empirical Estimates and Determinants,2002,appeared,1,2.061179891015767
Empirical Estimates and Determinants,2003,appeared,1,2.7943613151784197
Empirical Estimates and Determinants,2004,filled,0,2.4326328169814717
Empirical Estimates and Determinants,2005,appeared,1,3.1177298691158573
Empirical Estimates and Determinants,2006,appeared,1,3.714141493763961
Empirical Estimates and Determinants,2007,appeared,1,4.233347969557724
Empirical Estimates and Determinants,2008,appeared,1,4.68534345952698
Empirical Estimates and Determinants,2009,appeared,1,5.078828387927023
Empirical Estimates and Determinants,2010,appeared,1,5.421376913994216
Empirical Estimates and Determinants,2011,appeared,1,5.719582726318268
Empirical Estimates and Determinants,2012,appeared,1,5.97918596421515
Empirical Estimates and Determinants,2013,appeared,1,6.205183709199778
Empirical Estimates and Determinants,2014,appeared,1,6.4019261733998
Empirical Estimates and Determinants,2015,appeared,1,6.573200436433396
Empirical Estimates and Determinants,2016,appeared,1,6.7223033425954215
Empirical Estimates and Determinants,2017,appeared,1,6.852104961543862
Empirical Estimates and Determinants,2018,appeared,1,6.965103834036176
Empirical Estimates and Determinants,2019,appeared,1,7.063475066136187
Empirical Estimates and Determinants,2020,appeared,1,7.149112197652985
Empirical Estimates and Determinants,2021,appeared,1,7.223663650733998
Empirical Estimates and Determinants,2022,appeared,1,7.288564460208219
Empirical Estimates and Determinants,2023,appeared,1,7.345063896454376
Empirical Estimates and Determinants,2024,appeared,1,7.3942495125043814
Empirical Estimates and Determinants,2025,appeared,1,7.43706807826278
Intergenerational Wealth Mobility and Inheritance,1976,appeared,1,1.0
Intergenerational Wealth Mobility and Inheritance,1977,filled,0,0.8705505632961241
Intergenerational Wealth Mobility and Inheritance,1978,filled,0,0.757858283255199
Intergenerational Wealth Mobility and Inheritance,1979,appeared,1,1.659753955386447
Intergenerational Wealth Mobility and Inheritance,1980,filled,0,1.4448997407946416
Intergenerational Wealth Mobility and Inheritance,1981,appeared,1,2.257858283255199
Intergenerational Wealth Mobility and Inheritance,1982,filled,0,1.9655798003306333
Intergenerational Wealth Mobility and Inheritance,1983,filled,0,1.711136602381316
Intergenerational Wealth Mobility and Inheritance,1984,filled,0,1.4896309330796706
Intergenerational Wealth Mobility and Inheritance,1985,filled,0,1.2967990478958382
Intergenerational Wealth Mobility and Inheritance,1986,appeared,1,2.1289291416275997
Intergenerational Wealth Mobility and Inheritance,1987,filled,0,1.853340463461441
Intergenerational Wealth Mobility and Inheritance,1988,filled,0,1.6134265844458573
Intergenerational Wealth Mobility and Inheritance,1989,filled,0,1.4045694219262825
Intergenerational Wealth Mobility and Inheritance,1990,filled,0,1.2227487014464367
Intergenerational Wealth Mobility and Inheritance,1991,filled,0,1.0644645708137996
Intergenerational Wealth Mobility and Inheritance,1992,filled,0,0.9266702317307203
Intergenerational Wealth Mobility and Inheritance,1993,filled,0,0.8067132922229284
Intergenerational Wealth Mobility and Inheritance,1994,filled,0,0.7022847109631412
Intergenerational Wealth Mobility and Inheritance,1995,appeared,1,1.611374350723218
Intergenerational Wealth Mobility and Inheritance,1996,appeared,1,2.4027828487030236
Intergenerational Wealth Mobility and Inheritance,1997,filled,0,2.091743962416683
Intergenerational Wealth Mobility and Inheritance,1998,appeared,1,2.82096888475311
Intergenerational Wealth Mobility and Inheritance,1999,appeared,1,3.455796051662659
Intergenerational Wealth Mobility and Inheritance,2000,appeared,1,4.008445199411449
Intergenerational Wealth Mobility and Inheritance,2001,appeared,1,4.489554226289282
Intergenerational Wealth Mobility and Inheritance,2002,appeared,1,4.908383960644629
Intergenerational Wealth Mobility and Inheritance,2003,appeared,1,5.2729964218128424
Intergenerational Wealth Mobility and Inheritance,2004,appeared,1,5.590410005267617
Intergenerational Wealth Mobility and Inheritance,2005,appeared,1,5.866734579142012
Intergenerational Wealth Mobility and Inheritance,2006,appeared,1,6.1072890925809284
Intergenerational Wealth Mobility and Inheritance,2007,appeared,1,6.316703959758602
Intergenerational Wealth Mobility and Inheritance,2008,appeared,1,6.499010190342709
Intergenerational Wealth Mobility and Inheritance,2009,appeared,1,6.657716982070096
Intergenerational Wealth Mobility and Inheritance,2010,appeared,1,6.795879269007294
Intergenerational Wealth Mobility and Inheritance,2011,appeared,1,6.916156525726752
Intergenerational Wealth Mobility and Inheritance,2012,appeared,1,7.020863959315589
Intergenerational Wealth Mobility and Inheritance,2013,appeared,1,7.1120170746076425
Intergenerational Wealth Mobility and Inheritance,2014,appeared,1,7.191370470471336
Intergenerational Wealth Mobility and Inheritance,2015,appeared,1,7.260451613939934
Intergenerational Wealth Mobility and Inheritance,2016,appeared,1,7.320590242299663
Intergenerational Wealth Mobility and Inheritance,2017,appeared,1,7.372943959094082
Intergenerational Wealth Mobility and Inheritance,2018,appeared,1,7.4185205167401085
Intergenerational Wealth Mobility and Inheritance,2019,appeared,1,7.458197214671955
Intergenerational Wealth Mobility and Inheritance,2020,appeared,1,7.492737786406255
Intergenerational Wealth Mobility and Inheritance,2021,appeared,1,7.522807100586119
Intergenerational Wealth Mobility and Inheritance,2022,appeared,1,7.548983958983328
Intergenerational Wealth Mobility and Inheritance,2023,appeared,1,7.571772237806341
Intergenerational Wealth Mobility and Inheritance,2024,appeared,1,7.591610586772265
Intergenerational Wealth Mobility and Inheritance,2025,filled,0,6.608880872639414
International Panel Data,1976,filled,0,0.0
International Panel Data,1977,filled,0,0.0
International Panel Data,1978,filled,0,0.0
International Panel Data,1979,filled,0,0.0
International Panel Data,1980,filled,0,0.0
International Panel Data,1981,filled,0,0.0
International Panel Data,1982,filled,0,0.0
International Panel Data,1983,filled,0,0.0
International Panel Data,1984,filled,0,0.0
International Panel Data,1985,filled,0,0.0
International Panel Data,1986,filled,0,0.0
International Panel Data,1987,filled,0,0.0
International Panel Data,1988,filled,0,0.0
International Panel Data,1989,filled,0,0.0
International Panel Data,1990,filled,0,0.0
International Panel Data,1991,filled,0,0.0
International Panel Data,1992,filled,0,0.0
International Panel Data,1993,filled,0,0.0
International Panel Data,1994,filled,0,0.0
International Panel Data,1995,filled,0,0.0
International Panel Data,1996,filled,0,0.0
International Panel Data,1997,filled,0,0.0
International Panel Data,1998,filled,0,0.0
International Panel Data,1999,filled,0,0.0
International Panel Data,2000,filled,0,0.0
International Panel Data,2001,filled,0,0.0
International Panel Data,2002,filled,0,0.0
International Panel Data,2003,filled,0,0.0
International Panel Data,2004,filled,0,0.0
International Panel Data,2005,filled,0,0.0
International Panel Data,2006,filled,0,0.0
International Panel Data,2007,filled,0,0.0
International Panel Data,2008,filled,0,0.0
International Panel Data,2009,appeared,2,2.0
International Panel Data,2010,filled,0,1.7411011265922482
International Panel Data,2011,appeared,2,3.515716566510398
International Panel Data,2012,filled,0,3.0606090373651424
International Panel Data,2013,appeared,2,4.664414921507433
International Panel Data,2014,appeared,2,6.0606090373651424
International Panel Data,2015,appeared,2,7.276066611395805
International Panel Data,2016,appeared,2,8.334183887130738
International Panel Data,2017,filled,0,7.255328477555145
International Panel Data,2018,appeared,2,8.316130293034043
International Panel Data,2019,appeared,2,9.239611911044747
International Panel Data,2020,appeared,2,10.043549353797582
International Panel Data,2021,filled,0,8.743417547440908
International Panel Data,2022,filled,0,7.611587071057898
International Panel Data,2023,appeared,2,8.626271412286949
International Panel Data,2024,appeared,2,9.509605437111656
International Panel Data,2025,filled,0,8.278592370001437
Linked Administrative Data,1976,filled,0,0.0
Linked Administrative Data,1977,filled,0,0.0
Linked Administrative Data,1978,filled,0,0.0
Linked Administrative Data,1979,filled,0,0.0
Linked Administrative Data,1980,filled,0,0.0
Linked Administrative Data,1981,filled,0,0.0
Linked Administrative Data,1982,filled,0,0.0
Linked Administrative Data,1983,filled,0,0.0
Linked Administrative Data,1984,filled,0,0.0
Linked Administrative Data,1985,filled,0,0.0
Linked Administrative Data,1986,filled,0,0.0
Linked Administrative Data,1987,filled,0,0.0
Linked Administrative Data,1988,filled,0,0.0
Linked Administrative Data,1989,filled,0,0.0
Linked Administrative Data,1990,filled,0,0.0
Linked Administrative Data,1991,filled,0,0.0
Linked Administrative Data,1992,filled,0,0.0
Linked Administrative Data,1993,filled,0,0.0
Linked Administrative Data,1994,filled,0,0.0
Linked Administrative Data,1995,filled,0,0.0
Linked Administrative Data,1996,filled,0,0.0
Linked Administrative Data,1997,filled,0,0.0
Linked Administrative Data,1998,appeared,1,1.0
Linked Administrative Data,1999,appeared,1,1.8705505632961241
Linked Administrative Data,2000,filled,0,1.6284088465513231
Linked Administrative Data,2001,filled,0,1.417612238641646
Linked Administrative Data,2002,appeared,1,2.2341031328849645
Linked Administrative Data,2003,appeared,1,2.9448997407946416
Linked Administrative Data,2004,filled,0,2.563684128199385
Linked Administrative Data,2005,filled,0,2.231816661917308
Linked Administrative Data,2006,appeared,1,2.942909252205788
Linked Administrative Data,2007,appeared,1,3.5619513072371243
Linked Administrative Data,2008,appeared,1,4.100858716948644
Linked Administrative Data,2009,appeared,1,4.570004866037463
Linked Administrative Data,2010,appeared,1,4.978420310394942
Linked Administrative Data,2011,appeared,1,5.333966605539182
Linked Administrative Data,2012,appeared,1,5.64348763305485
Linked Administrative Data,2013,appeared,1,5.91294133791061
Linked Administrative Data,2014,appeared,1,6.147514412455019
Linked Administrative Data,2015,appeared,1,6.351722134633758
Linked Administrative Data,2016,appeared,1,6.529495282205878
Linked Administrative Data,2017,appeared,1,6.684255795963712
Linked Administrative Data,2018,appeared,1,6.818982648391592
Linked Administrative Data,2019,appeared,1,6.936269185663797
Linked Administrative Data,2020,appeared,1,7.038373046753167
Linked Administrative Data,2021,appeared,1,7.127259620539227
Linked Administrative Data,2022,appeared,1,7.204639877418144
Linked Administrative Data,2023,appeared,1,7.272003303632084
Linked Administrative Data,2024,appeared,1,7.330646572268186
Linked Administrative Data,2025,appeared,1,7.381698502812871
Measurement and Methodological Advances,1976,filled,0,0.0
Measurement and Methodological Advances,1977,filled,0,0.0
Measurement and Methodological Advances,1978,filled,0,0.0
Measurement and Methodological Advances,1979,filled,0,0.0
Measurement and Methodological Advances,1980,filled,0,0.0
Measurement and Methodological Advances,1981,filled,0,0.0
Measurement and Methodological Advances,1982,filled,0,0.0
Measurement and Methodological Advances,1983,filled,0,0.0
Measurement and Methodological Advances,1984,filled,0,0.0
Measurement and Methodological Advances,1985,filled,0,0.0
Measurement and Methodological Advances,1986,filled,0,0.0
Measurement and Methodological Advances,1987,filled,0,0.0
Measurement and Methodological Advances,1988,filled,0,0.0
Measurement and Methodological Advances,1989,filled,0,0.0
Measurement and Methodological Advances,1990,filled,0,0.0
Measurement and Methodological Advances,1991,filled,0,0.0
Measurement and Methodological Advances,1992,filled,0,0.0
Measurement and Methodological Advances,1993,filled,0,0.0
Measurement and Methodological Advances,1994,filled,0,0.0
Measurement and Methodological Advances,1995,filled,0,0.0
Measurement and Methodological Advances,1996,filled,0,0.0
Measurement and Methodological Advances,1997,filled,0,0.0
Measurement and Methodological Advances,1998,appeared,1,1.0
Measurement and Methodological Advances,1999,filled,0,0.8705505632961241
Measurement and Methodological Advances,2000,filled,0,0.757858283255199
Measurement and Methodological Advances,2001,filled,0,0.6597539553864471
Measurement and Methodological Advances,2002,appeared,1,1.5743491774985174
Measurement and Methodological Advances,2003,appeared,1,2.370550563296124
Measurement and Methodological Advances,2004,filled,0,2.063684128199385
Measurement and Methodological Advances,2005,filled,0,1.7965413802692456
Measurement and Methodological Advances,2006,filled,0,1.563980110578188
Measurement and Methodological Advances,2007,appeared,1,2.3615237662477764
Measurement and Methodological Advances,2008,filled,0,2.055825844944186
Measurement and Methodological Advances,2009,appeared,1,2.7897003473548914
Measurement and Methodological Advances,2010,appeared,1,3.4285752088171937
Measurement and Methodological Advances,2011,appeared,1,3.9847480793389343
Measurement and Methodological Advances,2012,appeared,1,4.468924685061658
Measurement and Methodological Advances,2013,appeared,1,4.89042490190838
Measurement and Methodological Advances,2014,appeared,1,5.257362153113733
Measurement and Methodological Advances,2015,appeared,1,5.576799583844884
Measurement and Methodological Advances,2016,appeared,1,5.854886019105754
Measurement and Methodological Advances,2017,appeared,1,6.0969743219671155
Measurement and Methodological Advances,2018,appeared,1,6.3077244303904765
Measurement and Methodological Advances,2019,appeared,1,6.491193055993153
Measurement and Methodological Advances,2020,appeared,1,6.650911771358729
Measurement and Methodological Advances,2021,appeared,1,6.789954988989164
Measurement and Methodological Advances,2022,appeared,1,6.910999140419845
Measurement and Methodological Advances,2023,appeared,1,7.016374194631526
Measurement and Methodological Advances,2024,appeared,1,7.108108507432864
Measurement and Methodological Advances,2025,appeared,1,7.187967865115652
"Mobility and Non-Income Outcomes (Health, Wellbeing, etc.)",1976,filled,0,0.0
"Mobility and Non-Income Outcomes (Health, Wellbeing, etc.)",1977,filled,0,0.0
"Mobility and Non-Income Outcomes (Health, Wellbeing, etc.)",1978,filled,0,0.0
"Mobility and Non-Income Outcomes (Health, Wellbeing, etc.)",1979,filled,0,0.0
"Mobility and Non-Income Outcomes (Health, Wellbeing, etc.)",1980,filled,0,0.0
"Mobility and Non-Income Outcomes (Health, Wellbeing, etc.)",1981,filled,0,0.0
"Mobility and Non-Income Outcomes (Health, Wellbeing, etc.)",1982,filled,0,0.0
"Mobility and Non-Income Outcomes (Health, Wellbeing, etc.)",1983,filled,0,0.0
"Mobility and Non-Income Outcomes (Health, Wellbeing, etc.)",1984,filled,0,0.0
"Mobility and Non-Income Outcomes (Health, Wellbeing, etc.)",1985,filled,0,0.0
"Mobility and Non-Income Outcomes (Health, Wellbeing, etc.)",1986,filled,0,0.0
"Mobility and Non-Income Outcomes (Health, Wellbeing, etc.)",1987,filled,0,0.0
"Mobility and Non-Income Outcomes (Health, Wellbeing, etc.)",1988,filled,0,0.0
"Mobility and Non-Income Outcomes (Health, Wellbeing, etc.)",1989,filled,0,0.0
"Mobility and Non-Income Outcomes (Health, Wellbeing, etc.)",1990,filled,0,0.0
"Mobility and Non-Income Outcomes (Health, Wellbeing, etc.)",1991,filled,0,0.0
"Mobility and Non-Income Outcomes (Health, Wellbeing, etc.)",1992,filled,0,0.0
"Mobility and Non-Income Outcomes (Health, Wellbeing, etc.)",1993,filled,0,0.0
"Mobility and Non-Income Outcomes (Health, Wellbeing, etc.)",1994,filled,0,0.0
"Mobility and Non-Income Outcomes (Health, Wellbeing, etc.)",1995,filled,0,0.0
"Mobility and Non-Income Outcomes (Health, Wellbeing, etc.)",1996,filled,0,0.0
"Mobility and Non-Income Outcomes (Health, Wellbeing, etc.)",1997,filled,0,0.0
"Mobility and Non-Income Outcomes (Health, Wellbeing, etc.)",1998,filled,0,0.0
"Mobility and Non-Income Outcomes (Health, Wellbeing, etc.)",1999,filled,0,0.0
"Mobility and Non-Income Outcomes (Health, Wellbeing, etc.)",2000,filled,0,0.0
"Mobility and Non-Income Outcomes (Health, Wellbeing, etc.)",2001,filled,0,0.0
"Mobility and Non-Income Outcomes (Health, Wellbeing, etc.)",2002,filled,0,0.0
"Mobility and Non-Income Outcomes (Health, Wellbeing, etc.)",2003,filled,0,0.0
"Mobility and Non-Income Outcomes (Health, Wellbeing, etc.)",2004,filled,0,0.0
"Mobility and Non-Income Outcomes (Health, Wellbeing, etc.)",2005,filled,0,0.0
"Mobility and Non-Income Outcomes (Health, Wellbeing, etc.)",2006,appeared,1,1.0
"Mobility and Non-Income Outcomes (Health, Wellbeing, etc.)",2007,filled,0,0.8705505632961241
"Mobility and Non-Income Outcomes (Health, Wellbeing, etc.)",2008,filled,0,0.757858283255199
"Mobility and Non-Income Outcomes (Health, Wellbeing, etc.)",2009,filled,0,0.6597539553864471
"Mobility and Non-Income Outcomes (Health, Wellbeing, etc.)",2010,filled,0,0.5743491774985174
"Mobility and Non-Income Outcomes (Health, Wellbeing, etc.)",2011,filled,0,0.49999999999999994
"Mobility and Non-Income Outcomes (Health, Wellbeing, etc.)",2012,filled,0,0.435275281648062
"Mobility and Non-Income Outcomes (Health, Wellbeing, etc.)",2013,filled,0,0.37892914162759944
"Mobility and Non-Income Outcomes (Health, Wellbeing, etc.)",2014,filled,0,0.3298769776932235
"Mobility and Non-Income Outcomes (Health, Wellbeing, etc.)",2015,filled,0,0.28717458874925866
"Mobility and Non-Income Outcomes (Health, Wellbeing, etc.)",2016,filled,0,0.24999999999999992
"Mobility and Non-Income Outcomes (Health, Wellbeing, etc.)",2017,appeared,1,1.217637640824031
"Mobility and Non-Income Outcomes (Health, Wellbeing, etc.)",2018,filled,0,1.060015134109924
"Mobility and Non-Income Outcomes (Health, Wellbeing, etc.)",2019,appeared,1,1.9227967721018109
"Mobility and Non-Income Outcomes (Health, Wellbeing, etc.)",2020,appeared,1,2.6738918130572005
"Mobility and Non-Income Outcomes (Health, Wellbeing, etc.)",2021,appeared,1,3.3277580240498406
"Mobility and Non-Income Outcomes (Health, Wellbeing, etc.)",2022,appeared,1,3.8969816223497857
"Mobility and Non-Income Outcomes (Health, Wellbeing, etc.)",2023,appeared,1,4.39251954649125
"Mobility and Non-Income Outcomes (Health, Wellbeing, etc.)",2024,filled,0,3.823910365487193
"Mobility and Non-Income Outcomes (Health, Wellbeing, etc.)",2025,filled,0,3.3289073226687638
Multigenerational Measures,1976,filled,0,0.0
Multigenerational Measures,1977,filled,0,0.0
Multigenerational Measures,1978,filled,0,0.0
Multigenerational Measures,1979,filled,0,0.0
Multigenerational Measures,1980,filled,0,0.0
Multigenerational Measures,1981,filled,0,0.0
Multigenerational Measures,1982,filled,0,0.0
Multigenerational Measures,1983,filled,0,0.0
Multigenerational Measures,1984,filled,0,0.0
Multigenerational Measures,1985,filled,0,0.0
Multigenerational Measures,1986,filled,0,0.0
Multigenerational Measures,1987,filled,0,0.0
Multigenerational Measures,1988,filled,0,0.0
Multigenerational Measures,1989,filled,0,0.0
Multigenerational Measures,1990,filled,0,0.0
Multigenerational Measures,1991,filled,0,0.0
Multigenerational Measures,1992,filled,0,0.0
Multigenerational Measures,1993,filled,0,0.0
Multigenerational Measures,1994,filled,0,0.0
Multigenerational Measures,1995,filled,0,0.0
Multigenerational Measures,1996,filled,0,0.0
Multigenerational Measures,1997,filled,0,0.0
Multigenerational Measures,1998,filled,0,0.0
Multigenerational Measures,1999,filled,0,0.0
Multigenerational Measures,2000,filled,0,0.0
Multigenerational Measures,2001,appeared,1,1.0
Multigenerational Measures,2002,filled,0,0.8705505632961241
Multigenerational Measures,2003,filled,0,0.757858283255199
Multigenerational Measures,2004,filled,0,0.6597539553864471
Multigenerational Measures,2005,filled,0,0.5743491774985174
Multigenerational Measures,2006,filled,0,0.49999999999999994
Multigenerational Measures,2007,filled,0,0.435275281648062
Multigenerational Measures,2008,appeared,1,1.3789291416275995
Multigenerational Measures,2009,filled,0,1.2004275409893477
Multigenerational Measures,2010,filled,0,1.0450328720044577
Multigenerational Measures,2011,appeared,1,1.909753955386447
Multigenerational Measures,2012,filled,0,1.6625373816186726
Multigenerational Measures,2013,filled,0,1.4473228540689986
Multigenerational Measures,2014,appeared,1,2.259967725881121
Multigenerational Measures,2015,filled,0,1.9674161767968705
Multigenerational Measures,2016,appeared,1,2.7127352609484223
Multigenerational Measures,2017,appeared,1,3.3615732094919073
Multigenerational Measures,2018,filled,0,2.9264194510843398
Multigenerational Measures,2019,filled,0,2.547596101582206
Multigenerational Measures,2020,filled,0,2.2178112212833994
Multigenerational Measures,2021,filled,0,1.9307168079727284
Multigenerational Measures,2022,appeared,1,2.680786604745953
Multigenerational Measures,2023,filled,0,2.3337602888382936
Multigenerational Measures,2024,appeared,1,3.0316563340463016
Multigenerational Measures,2025,filled,0,2.6392101293242707
National Survey Data,1976,filled,0,0.0
National Survey Data,1977,filled,0,0.0
National Survey Data,1978,filled,0,0.0
National Survey Data,1979,filled,0,0.0
National Survey Data,1980,filled,0,0.0
National Survey Data,1981,filled,0,0.0
National Survey Data,1982,filled,0,0.0
National Survey Data,1983,filled,0,0.0
National Survey Data,1984,filled,0,0.0
National Survey Data,1985,filled,0,0.0
National Survey Data,1986,filled,0,0.0
National Survey Data,1987,filled,0,0.0
National Survey Data,1988,filled,0,0.0
National Survey Data,1989,filled,0,0.0
National Survey Data,1990,filled,0,0.0
National Survey Data,1991,filled,0,0.0
National Survey Data,1992,filled,0,0.0
National Survey Data,1993,filled,0,0.0
National Survey Data,1994,filled,0,0.0
National Survey Data,1995,filled,0,0.0
National Survey Data,1996,filled,0,0.0
National Survey Data,1997,filled,0,0.0
National Survey Data,1998,filled,0,0.0
National Survey Data,1999,filled,0,0.0
National Survey Data,2000,filled,0,0.0
National Survey Data,2001,appeared,2,2.0
National Survey Data,2002,filled,0,1.7411011265922482
National Survey Data,2003,filled,0,1.515716566510398
National Survey Data,2004,filled,0,1.3195079107728942
National Survey Data,2005,appeared,2,3.148698354997035
National Survey Data,2006,appeared,2,4.741101126592248
National Survey Data,2007,appeared,2,6.12736825639877
National Survey Data,2008,appeared,2,7.33418388713074
National Survey Data,2009,appeared,2,8.384777914259022
National Survey Data,2010,appeared,2,9.299373136371091
National Survey Data,2011,appeared,2,10.095574522168699
National Survey Data,2012,appeared,2,10.78870808707196
National Survey Data,2013,appeared,2,11.392115902437945
National Survey Data,2014,appeared,2,11.917412916002087
National Survey Data,2015,appeared,2,12.374710527058122
National Survey Data,2016,appeared,2,12.772811219956925
National Survey Data,2017,appeared,2,13.119378002408554
National Survey Data,2018,appeared,2,13.421081910091546
National Survey Data,2019,appeared,2,13.683730416873617
National Survey Data,2020,appeared,2,13.912379222401634
National Survey Data,2021,appeared,2,14.111429568851037
National Survey Data,2022,appeared,2,14.284712960076853
National Survey Data,2023,appeared,2,14.435564913918348
National Survey Data,2024,appeared,2,14.566889167309384
National Survey Data,2025,appeared,2,14.681213570073393
Natural/Experimental Data,1976,filled,0,0.0
Natural/Experimental Data,1977,filled,0,0.0
Natural/Experimental Data,1978,filled,0,0.0
Natural/Experimental Data,1979,filled,0,0.0
Natural/Experimental Data,1980,filled,0,0.0
Natural/Experimental Data,1981,filled,0,0.0
Natural/Experimental Data,1982,filled,0,0.0
Natural/Experimental Data,1983,filled,0,0.0
Natural/Experimental Data,1984,filled,0,0.0
Natural/Experimental Data,1985,filled,0,0.0
Natural/Experimental Data,1986,filled,0,0.0
Natural/Experimental Data,1987,filled,0,0.0
Natural/Experimental Data,1988,filled,0,0.0
Natural/Experimental Data,1989,filled,0,0.0
Natural/Experimental Data,1990,filled,0,0.0
Natural/Experimental Data,1991,filled,0,0.0
Natural/Experimental Data,1992,filled,0,0.0
Natural/Experimental Data,1993,filled,0,0.0
Natural/Experimental Data,1994,filled,0,0.0
Natural/Experimental Data,1995,filled,0,0.0
Natural/Experimental Data,1996,filled,0,0.0
Natural/Experimental Data,1997,filled,0,0.0
Natural/Experimental Data,1998,filled,0,0.0
Natural/Experimental Data,1999,filled,0,0.0
Natural/Experimental Data,2000,filled,0,0.0
Natural/Experimental Data,2001,filled,0,0.0
Natural/Experimental Data,2002,filled,0,0.0
Natural/Experimental Data,2003,filled,0,0.0
Natural/Experimental Data,2004,filled,0,0.0
Natural/Experimental Data,2005,filled,0,0.0
Natural/Experimental Data,2006,filled,0,0.0
Natural/Experimental Data,2007,filled,0,0.0
Natural/Experimental Data,2008,filled,0,0.0
Natural/Experimental Data,2009,filled,0,0.0
Natural/Experimental Data,2010,filled,0,0.0
Natural/Experimental Data,2011,filled,0,0.0
Natural/Experimental Data,2012,filled,0,0.0
Natural/Experimental Data,2013,filled,0,0.0
Natural/Experimental Data,2014,appeared,1,1.0
Natural/Experimental Data,2015,filled,0,0.8705505632961241
Natural/Experimental Data,2016,filled,0,0.757858283255199
Natural/Experimental Data,2017,appeared,1,1.659753955386447
Natural/Experimental Data,2018,appeared,1,2.4448997407946416
Natural/Experimental Data,2019,appeared,1,3.128408846551323
Natural/Experimental Data,2020,filled,0,2.7234380835858323
Natural/Experimental Data,2021,appeared,1,3.3708905577677633
Natural/Experimental Data,2022,appeared,1,3.9345306738743124
Natural/Experimental Data,2023,filled,0,3.4252078944471616
Natural/Experimental Data,2024,appeared,1,3.981816661917308
Natural/Experimental Data,2025,filled,0,3.466372737974005
No dataset,1976,filled,0,0.0
No dataset,1977,filled,0,0.0
No dataset,1978,filled,0,0.0
No dataset,1979,appeared,2,2.0
No dataset,1980,appeared,2,3.7411011265922482
No dataset,1981,filled,0,3.2568176931026462
No dataset,1982,filled,0,2.835224477283292
No dataset,1983,filled,0,2.468206265769929
No dataset,1984,filled,0,2.148698354997035
No dataset,1985,filled,0,1.870550563296124
No dataset,1986,filled,0,1.628408846551323
No dataset,1987,filled,0,1.4176122386416459
No dataset,1988,filled,0,1.2341031328849643
No dataset,1989,filled,0,1.0743491774985172
No dataset,1990,filled,0,0.9352752816480618
No dataset,1991,filled,0,0.8142044232756613
No dataset,1992,filled,0,0.7088061193208228
No dataset,1993,filled,0,0.617051566442482
No dataset,1994,filled,0,0.5371745887492585
No dataset,1995,appeared,2,2.467637640824031
No dataset,1996,appeared,2,4.148203338230079
No dataset,1997,appeared,2,5.611220752763058
No dataset,1998,appeared,2,6.8848513870967825
No dataset,1999,filled,0,5.993611253247206
No dataset,2000,appeared,2,7.217741652692344
No dataset,2001,filled,0,6.283409061477218
No dataset,2002,appeared,2,7.470025297888963
No dataset,2003,appeared,2,8.503034730913534
No dataset,2004,appeared,2,9.402321674723284
No dataset,2005,appeared,2,10.185196430221712
No dataset,2006,appeared,2,10.866728489611184
No dataset,2007,appeared,2,11.460036607817056
No dataset,2008,appeared,2,11.976541324329341
No dataset,2009,appeared,2,12.426184796234216
No dataset,2010,appeared,2,12.81762217398343
No dataset,2011,appeared,2,13.158388203678166
No dataset,2012,appeared,2,13.455042262781102
No dataset,2013,appeared,2,13.713294621037246
No dataset,2014,appeared,2,13.938116356989683
No dataset,2015,appeared,2,14.13383504586429
No dataset,2016,appeared,2,14.304218060711658
No dataset,2017,appeared,2,14.452545090263127
No dataset,2018,appeared,2,14.5816712693912
No dataset,2019,appeared,2,14.694082137367417
No dataset,2020,appeared,2,14.79194148180472
No dataset,2021,appeared,2,14.877132989228404
No dataset,2022,appeared,2,14.951296504004137
No dataset,2023,appeared,2,15.015859593568173
No dataset,2024,appeared,2,15.072065027556283
No dataset,2025,appeared,2,15.120994699774934
Non‐parametric Approaches,1976,filled,0,0.0
Non‐parametric Approaches,1977,filled,0,0.0
Non‐parametric Approaches,1978,filled,0,0.0
Non‐parametric Approaches,1979,filled,0,0.0
Non‐parametric Approaches,1980,filled,0,0.0
Non‐parametric Approaches,1981,filled,0,0.0
Non‐parametric Approaches,1982,filled,0,0.0
Non‐parametric Approaches,1983,filled,0,0.0
Non‐parametric Approaches,1984,filled,0,0.0
Non‐parametric Approaches,1985,filled,0,0.0
Non‐parametric Approaches,1986,filled,0,0.0
Non‐parametric Approaches,1987,filled,0,0.0
Non‐parametric Approaches,1988,filled,0,0.0
Non‐parametric Approaches,1989,filled,0,0.0
Non‐parametric Approaches,1990,filled,0,0.0
Non‐parametric Approaches,1991,filled,0,0.0
Non‐parametric Approaches,1992,filled,0,0.0
Non‐parametric Approaches,1993,filled,0,0.0
Non‐parametric Approaches,1994,filled,0,0.0
Non‐parametric Approaches,1995,filled,0,0.0
Non‐parametric Approaches,1996,filled,0,0.0
Non‐parametric Approaches,1997,filled,0,0.0
Non‐parametric Approaches,1998,filled,0,0.0
Non‐parametric Approaches,1999,filled,0,0.0
Non‐parametric Approaches,2000,filled,0,0.0
Non‐parametric Approaches,2001,filled,0,0.0
Non‐parametric Approaches,2002,appeared,1,1.0
Non‐parametric Approaches,2003,filled,0,0.8705505632961241
Non‐parametric Approaches,2004,filled,0,0.757858283255199
Non‐parametric Approaches,2005,filled,0,0.6597539553864471
Non‐parametric Approaches,2006,filled,0,0.5743491774985174
Non‐parametric Approaches,2007,filled,0,0.49999999999999994
Non‐parametric Approaches,2008,filled,0,0.435275281648062
Non‐parametric Approaches,2009,filled,0,0.37892914162759944
Non‐parametric Approaches,2010,appeared,1,1.3298769776932235
Non‐parametric Approaches,2011,filled,0,1.1577251520453828
Non‐parametric Approaches,2012,filled,0,1.007858283255199
Non‐parametric Approaches,2013,filled,0,0.8773915962104781
Non‐parametric Approaches,2014,appeared,1,1.7638137483123173
Non‐parametric Approaches,2015,appeared,1,2.535489052142736
Non‐parametric Approaches,2016,filled,0,2.207271422574015
Non‐parametric Approaches,2017,appeared,1,2.921541380269246
Non‐parametric Approaches,2018,filled,0,2.543349494286328
Non‐parametric Approaches,2019,appeared,1,3.2141143349098753
Non‐parametric Approaches,2020,appeared,1,3.7980490447539395
Non‐parametric Approaches,2021,appeared,1,4.306393735336848
Non‐parametric Approaches,2022,filled,0,3.748933492072393
Non‐parametric Approaches,2023,filled,0,3.2636361632833277
Non‐parametric Approaches,2024,filled,0,2.841160300339902
Non‐parametric Approaches,2025,filled,0,2.473373699875487
Opportunity Atlas,1976,filled,0,0.0
Opportunity Atlas,1977,filled,0,0.0
Opportunity Atlas,1978,filled,0,0.0
Opportunity Atlas,1979,filled,0,0.0
Opportunity Atlas,1980,filled,0,0.0
Opportunity Atlas,1981,filled,0,0.0
Opportunity Atlas,1982,filled,0,0.0
Opportunity Atlas,1983,filled,0,0.0
Opportunity Atlas,1984,filled,0,0.0
Opportunity Atlas,1985,filled,0,0.0
Opportunity Atlas,1986,filled,0,0.0
Opportunity Atlas,1987,filled,0,0.0
Opportunity Atlas,1988,filled,0,0.0
Opportunity Atlas,1989,filled,0,0.0
Opportunity Atlas,1990,filled,0,0.0
Opportunity Atlas,1991,filled,0,0.0
Opportunity Atlas,1992,filled,0,0.0
Opportunity Atlas,1993,filled,0,0.0
Opportunity Atlas,1994,filled,0,0.0
Opportunity Atlas,1995,filled,0,0.0
Opportunity Atlas,1996,filled,0,0.0
Opportunity Atlas,1997,filled,0,0.0
Opportunity Atlas,1998,filled,0,0.0
Opportunity Atlas,1999,filled,0,0.0
Opportunity Atlas,2000,filled,0,0.0
Opportunity Atlas,2001,filled,0,0.0
Opportunity Atlas,2002,filled,0,0.0
Opportunity Atlas,2003,filled,0,0.0
Opportunity Atlas,2004,filled,0,0.0
Opportunity Atlas,2005,filled,0,0.0
Opportunity Atlas,2006,filled,0,0.0
Opportunity Atlas,2007,filled,0,0.0
Opportunity Atlas,2008,filled,0,0.0
Opportunity Atlas,2009,filled,0,0.0
Opportunity Atlas,2010,filled,0,0.0
Opportunity Atlas,2011,filled,0,0.0
Opportunity Atlas,2012,filled,0,0.0
Opportunity Atlas,2013,filled,0,0.0
Opportunity Atlas,2014,appeared,1,1.0
Opportunity Atlas,2015,filled,0,0.8705505632961241
Opportunity Atlas,2016,filled,0,0.757858283255199
Opportunity Atlas,2017,filled,0,0.6597539553864471
Opportunity Atlas,2018,filled,0,0.5743491774985174
Opportunity Atlas,2019,filled,0,0.49999999999999994
Opportunity Atlas,2020,appeared,1,1.435275281648062
Opportunity Atlas,2021,appeared,1,2.249479704923724
Opportunity Atlas,2022,filled,0,1.958285824244547
Opportunity Atlas,2023,appeared,1,2.704786827390905
Opportunity Atlas,2024,appeared,1,3.3546536961810887
Opportunity Atlas,2025,filled,0,2.9203956648738716
Others_DataType,1976,filled,0,0.0
Others_DataType,1977,filled,0,0.0
Others_DataType,1978,filled,0,0.0
Others_DataType,1979,filled,0,0.0
Others_DataType,1980,filled,0,0.0
Others_DataType,1981,filled,0,0.0
Others_DataType,1982,filled,0,0.0
Others_DataType,1983,filled,0,0.0
Others_DataType,1984,filled,0,0.0
Others_DataType,1985,filled,0,0.0
Others_DataType,1986,appeared,1,1.0
Others_DataType,1987,filled,0,0.8705505632961241
Others_DataType,1988,filled,0,0.757858283255199
Others_DataType,1989,filled,0,0.6597539553864471
Others_DataType,1990,filled,0,0.5743491774985174
Others_DataType,1991,filled,0,0.49999999999999994
Others_DataType,1992,filled,0,0.435275281648062
Others_DataType,1993,filled,0,0.37892914162759944
Others_DataType,1994,filled,0,0.3298769776932235
Others_DataType,1995,filled,0,0.28717458874925866
Others_DataType,1996,filled,0,0.24999999999999992
Others_DataType,1997,filled,0,0.21763764082403095
Others_DataType,1998,filled,0,0.1894645708137997
Others_DataType,1999,filled,0,0.16493848884661172
Others_DataType,2000,filled,0,0.14358729437462933
Others_DataType,2001,filled,0,0.12499999999999996
Others_DataType,2002,filled,0,0.10881882041201547
Others_DataType,2003,filled,0,0.09473228540689985
Others_DataType,2004,filled,0,0.08246924442330586
Others_DataType,2005,filled,0,0.07179364718731467
Others_DataType,2006,filled,0,0.06249999999999998
Others_DataType,2007,appeared,1,1.0544094102060078
Others_DataType,2008,appeared,1,1.917916705999574
Others_DataType,2009,filled,0,1.6696434687629762
Others_DataType,2010,appeared,1,2.4535090622353035
Others_DataType,2011,filled,0,2.1359036961810887
Others_DataType,2012,appeared,1,2.85941216585672
Others_DataType,2013,appeared,1,3.489262871682358
Others_DataType,2014,filled,0,3.0375797584313284
Others_DataType,2015,filled,0,2.6443667697592974
Others_DataType,2016,appeared,1,3.3020549809755084
Others_DataType,2017,filled,0,2.874605823723001
Others_DataType,2018,filled,0,2.5024897190963777
Others_DataType,2019,appeared,1,3.178543834602111
Others_DataType,2020,appeared,1,3.76708312567429
Others_DataType,2021,appeared,1,4.279436337039077
Others_DataType,2022,appeared,1,4.72546571379927
Others_DataType,2023,appeared,1,5.113756838984476
Others_DataType,2024,appeared,1,5.451783896737343
Others_DataType,2025,filled,0,4.746053542273432
Others_Measure,1976,filled,0,0.0
Others_Measure,1977,filled,0,0.0
Others_Measure,1978,filled,0,0.0
Others_Measure,1979,filled,0,0.0
Others_Measure,1980,filled,0,0.0
Others_Measure,1981,filled,0,0.0
Others_Measure,1982,filled,0,0.0
Others_Measure,1983,filled,0,0.0
Others_Measure,1984,filled,0,0.0
Others_Measure,1985,filled,0,0.0
Others_Measure,1986,filled,0,0.0
Others_Measure,1987,filled,0,0.0
Others_Measure,1988,filled,0,0.0
Others_Measure,1989,filled,0,0.0
Others_Measure,1990,filled,0,0.0
Others_Measure,1991,filled,0,0.0
Others_Measure,1992,filled,0,0.0
Others_Measure,1993,filled,0,0.0
Others_Measure,1994,filled,0,0.0
Others_Measure,1995,filled,0,0.0
Others_Measure,1996,filled,0,0.0
Others_Measure,1997,appeared,1,1.0
Others_Measure,1998,appeared,1,1.8705505632961241
Others_Measure,1999,filled,0,1.6284088465513231
Others_Measure,2000,filled,0,1.417612238641646
Others_Measure,2001,filled,0,1.2341031328849645
Others_Measure,2002,appeared,1,2.0743491774985174
Others_Measure,2003,filled,0,1.8058258449441862
Others_Measure,2004,appeared,1,2.5720627065308603
Others_Measure,2005,filled,0,2.2391106380033943
Others_Measure,2006,filled,0,1.9492590271961987
Others_Measure,2007,appeared,1,2.696928544135706
Others_Measure,2008,appeared,1,3.3478126632667347
Others_Measure,2009,appeared,1,3.9144401998167533
Others_Measure,2010,filled,0,3.4077181209394674
Others_Measure,2011,filled,0,2.966590929738263
Others_Measure,2012,appeared,1,3.5825674049528176
Others_Measure,2013,appeared,1,4.11880607242801
Others_Measure,2014,appeared,1,4.5856289464597
Others_Measure,2015,appeared,1,4.992021862407504
Others_Measure,2016,appeared,1,5.345807444305419
Others_Measure,2017,filled,0,4.653795681912696
Others_Measure,2018,appeared,1,5.051364452354167
Others_Measure,2019,appeared,1,5.397468169410938
Others_Measure,2020,appeared,1,5.698768955253592
Others_Measure,2021,appeared,1,5.961066524090479
Others_Measure,2022,appeared,1,6.189409820392635
Others_Measure,2023,appeared,1,6.388194205613371
Others_Measure,2024,appeared,1,6.5612460641417565
Others_Measure,2025,filled,0,5.711896457063084
Others_RqType,1976,filled,0,0.0
Others_RqType,1977,filled,0,0.0
Others_RqType,1978,filled,0,0.0
Others_RqType,1979,filled,0,0.0
Others_RqType,1980,filled,0,0.0
Others_RqType,1981,filled,0,0.0
Others_RqType,1982,filled,0,0.0
Others_RqType,1983,filled,0,0.0
Others_RqType,1984,filled,0,0.0
Others_RqType,1985,filled,0,0.0
Others_RqType,1986,filled,0,0.0
Others_RqType,1987,filled,0,0.0
Others_RqType,1988,filled,0,0.0
Others_RqType,1989,filled,0,0.0
Others_RqType,1990,filled,0,0.0
Others_RqType,1991,filled,0,0.0
Others_RqType,1992,filled,0,0.0
Others_RqType,1993,filled,0,0.0
Others_RqType,1994,filled,0,0.0
Others_RqType,1995,filled,0,0.0
Others_RqType,1996,filled,0,0.0
Others_RqType,1997,filled,0,0.0
Others_RqType,1998,filled,0,0.0
Others_RqType,1999,filled,0,0.0
Others_RqType,2000,filled,0,0.0
Others_RqType,2001,filled,0,0.0
Others_RqType,2002,filled,0,0.0
Others_RqType,2003,filled,0,0.0
Others_RqType,2004,filled,0,0.0
Others_RqType,2005,filled,0,0.0
Others_RqType,2006,filled,0,0.0
Others_RqType,2007,filled,0,0.0
Others_RqType,2008,filled,0,0.0
Others_RqType,2009,filled,0,0.0
Others_RqType,2010,filled,0,0.0
Others_RqType,2011,filled,0,0.0
Others_RqType,2012,appeared,1,1.0
Others_RqType,2013,filled,0,0.8705505632961241
Others_RqType,2014,filled,0,0.757858283255199
Others_RqType,2015,filled,0,0.6597539553864471
Others_RqType,2016,filled,0,0.5743491774985174
Others_RqType,2017,filled,0,0.49999999999999994
Others_RqType,2018,filled,0,0.435275281648062
Others_RqType,2019,filled,0,0.37892914162759944
Others_RqType,2020,filled,0,0.3298769776932235
Others_RqType,2021,filled,0,0.28717458874925866
Others_RqType,2022,filled,0,0.24999999999999992
Others_RqType,2023,filled,0,0.21763764082403095
Others_RqType,2024,filled,0,0.1894645708137997
Others_RqType,2025,filled,0,0.16493848884661172
Panel/Longitudinal Surveys,1976,filled,0,0.0
Panel/Longitudinal Surveys,1977,filled,0,0.0
Panel/Longitudinal Surveys,1978,filled,0,0.0
Panel/Longitudinal Surveys,1979,filled,0,0.0
Panel/Longitudinal Surveys,1980,filled,0,0.0
Panel/Longitudinal Surveys,1981,filled,0,0.0
Panel/Longitudinal Surveys,1982,filled,0,0.0
Panel/Longitudinal Surveys,1983,filled,0,0.0
Panel/Longitudinal Surveys,1984,filled,0,0.0
Panel/Longitudinal Surveys,1985,filled,0,0.0
Panel/Longitudinal Surveys,1986,filled,0,0.0
Panel/Longitudinal Surveys,1987,filled,0,0.0
Panel/Longitudinal Surveys,1988,filled,0,0.0
Panel/Longitudinal Surveys,1989,filled,0,0.0
Panel/Longitudinal Surveys,1990,appeared,1,1.0
Panel/Longitudinal Surveys,1991,filled,0,0.8705505632961241
Panel/Longitudinal Surveys,1992,appeared,1,1.757858283255199
Panel/Longitudinal Surveys,1993,filled,0,1.5303045186825712
Panel/Longitudinal Surveys,1994,filled,0,1.3322074607537164
Panel/Longitudinal Surveys,1995,filled,0,1.159753955386447
Panel/Longitudinal Surveys,1996,appeared,1,2.0096244591465795
Panel/Longitudinal Surveys,1997,filled,0,1.7494797049237236
Panel/Longitudinal Surveys,1998,filled,0,1.5230105425964846
Panel/Longitudinal Surveys,1999,filled,0,1.3258576857633053
Panel/Longitudinal Surveys,2000,filled,0,1.154226155191741
Panel/Longitudinal Surveys,2001,filled,0,1.0048122295732898
Panel/Longitudinal Surveys,2002,appeared,1,1.874739852461862
Panel/Longitudinal Surveys,2003,appeared,1,2.6320558345943663
Panel/Longitudinal Surveys,2004,appeared,1,3.2913376894329756
Panel/Longitudinal Surveys,2005,appeared,1,3.8652758795336406
Panel/Longitudinal Surveys,2006,appeared,1,4.364918094222933
Panel/Longitudinal Surveys,2007,appeared,1,4.799881905667219
Panel/Longitudinal Surveys,2008,appeared,1,5.178539896733471
Panel/Longitudinal Surveys,2009,appeared,1,5.508180824152776
Panel/Longitudinal Surveys,2010,appeared,1,5.795149919203108
Panel/Longitudinal Surveys,2011,appeared,1,6.044971026547754
Panel/Longitudinal Surveys,2012,appeared,1,6.2624529322698965
Panel/Longitudinal Surveys,2013,appeared,1,6.451781927803022
Panel/Longitudinal Surveys,2014,appeared,1,6.616602391512675
Panel/Longitudinal Surveys,2015,appeared,1,6.7600869390378415
Panel/Longitudinal Surveys,2016,appeared,1,6.8849974927101645
Panel/Longitudinal Surveys,2017,appeared,1,6.993738445571236
Panel/Longitudinal Surveys,2018,appeared,1,7.088402943337799
Panel/Longitudinal Surveys,2019,appeared,1,7.170813175192626
Panel/Longitudinal Surveys,2020,appeared,1,7.242555448955208
Panel/Longitudinal Surveys,2021,appeared,1,7.3050107257913695
Panel/Longitudinal Surveys,2022,appeared,1,7.359381202221905
Panel/Longitudinal Surveys,2023,appeared,1,7.406713451105187
Panel/Longitudinal Surveys,2024,appeared,1,7.4479185670326
Panel/Longitudinal Surveys,2025,filled,0,6.483789703913891
Perceptions of Mobility and Attitudes,1976,filled,0,0.0
Perceptions of Mobility and Attitudes,1977,filled,0,0.0
Perceptions of Mobility and Attitudes,1978,filled,0,0.0
Perceptions of Mobility and Attitudes,1979,filled,0,0.0
Perceptions of Mobility and Attitudes,1980,filled,0,0.0
Perceptions of Mobility and Attitudes,1981,filled,0,0.0
Perceptions of Mobility and Attitudes,1982,filled,0,0.0
Perceptions of Mobility and Attitudes,1983,filled,0,0.0
Perceptions of Mobility and Attitudes,1984,filled,0,0.0
Perceptions of Mobility and Attitudes,1985,filled,0,0.0
Perceptions of Mobility and Attitudes,1986,filled,0,0.0
Perceptions of Mobility and Attitudes,1987,filled,0,0.0
Perceptions of Mobility and Attitudes,1988,filled,0,0.0
Perceptions of Mobility and Attitudes,1989,filled,0,0.0
Perceptions of Mobility and Attitudes,1990,filled,0,0.0
Perceptions of Mobility and Attitudes,1991,filled,0,0.0
Perceptions of Mobility and Attitudes,1992,filled,0,0.0
Perceptions of Mobility and Attitudes,1993,filled,0,0.0
Perceptions of Mobility and Attitudes,1994,filled,0,0.0
Perceptions of Mobility and Attitudes,1995,filled,0,0.0
Perceptions of Mobility and Attitudes,1996,filled,0,0.0
Perceptions of Mobility and Attitudes,1997,filled,0,0.0
Perceptions of Mobility and Attitudes,1998,filled,0,0.0
Perceptions of Mobility and Attitudes,1999,filled,0,0.0
Perceptions of Mobility and Attitudes,2000,filled,0,0.0
Perceptions of Mobility and Attitudes,2001,filled,0,0.0
Perceptions of Mobility and Attitudes,2002,filled,0,0.0
Perceptions of Mobility and Attitudes,2003,filled,0,0.0
Perceptions of Mobility and Attitudes,2004,filled,0,0.0
Perceptions of Mobility and Attitudes,2005,filled,0,0.0
Perceptions of Mobility and Attitudes,2006,filled,0,0.0
Perceptions of Mobility and Attitudes,2007,filled,0,0.0
Perceptions of Mobility and Attitudes,2008,filled,0,0.0
Perceptions of Mobility and Attitudes,2009,filled,0,0.0
Perceptions of Mobility and Attitudes,2010,filled,0,0.0
Perceptions of Mobility and Attitudes,2011,filled,0,0.0
Perceptions of Mobility and Attitudes,2012,appeared,1,1.0
Perceptions of Mobility and Attitudes,2013,filled,0,0.8705505632961241
Perceptions of Mobility and Attitudes,2014,filled,0,0.757858283255199
Perceptions of Mobility and Attitudes,2015,appeared,1,1.659753955386447
Perceptions of Mobility and Attitudes,2016,filled,0,1.4448997407946416
Perceptions of Mobility and Attitudes,2017,filled,0,1.257858283255199
Perceptions of Mobility and Attitudes,2018,appeared,1,2.095029237034509
Perceptions of Mobility and Attitudes,2019,appeared,1,2.823828882422241
Perceptions of Mobility and Attitudes,2020,appeared,1,3.4582858242445464
Perceptions of Mobility and Attitudes,2021,filled,0,3.010612672335091
Perceptions of Mobility and Attitudes,2022,appeared,1,3.620890557767763
Perceptions of Mobility and Attitudes,2023,filled,0,3.152168314698343
Perceptions of Mobility and Attitudes,2024,appeared,1,3.744121901964837
Perceptions of Mobility and Attitudes,2025,filled,0,3.2594474308048444
"Policy, Institutional, and Geographic Impacts",1976,filled,0,0.0
"Policy, Institutional, and Geographic Impacts",1977,filled,0,0.0
"Policy, Institutional, and Geographic Impacts",1978,filled,0,0.0
"Policy, Institutional, and Geographic Impacts",1979,filled,0,0.0
"Policy, Institutional, and Geographic Impacts",1980,filled,0,0.0
"Policy, Institutional, and Geographic Impacts",1981,filled,0,0.0
"Policy, Institutional, and Geographic Impacts",1982,filled,0,0.0
"Policy, Institutional, and Geographic Impacts",1983,filled,0,0.0
"Policy, Institutional, and Geographic Impacts",1984,filled,0,0.0
"Policy, Institutional, and Geographic Impacts",1985,filled,0,0.0
"Policy, Institutional, and Geographic Impacts",1986,filled,0,0.0
"Policy, Institutional, and Geographic Impacts",1987,filled,0,0.0
"Policy, Institutional, and Geographic Impacts",1988,filled,0,0.0
"Policy, Institutional, and Geographic Impacts",1989,filled,0,0.0
"Policy, Institutional, and Geographic Impacts",1990,filled,0,0.0
"Policy, Institutional, and Geographic Impacts",1991,filled,0,0.0
"Policy, Institutional, and Geographic Impacts",1992,filled,0,0.0
"Policy, Institutional, and Geographic Impacts",1993,filled,0,0.0
"Policy, Institutional, and Geographic Impacts",1994,filled,0,0.0
"Policy, Institutional, and Geographic Impacts",1995,filled,0,0.0
"Policy, Institutional, and Geographic Impacts",1996,filled,0,0.0
"Policy, Institutional, and Geographic Impacts",1997,filled,0,0.0
"Policy, Institutional, and Geographic Impacts",1998,filled,0,0.0
"Policy, Institutional, and Geographic Impacts",1999,filled,0,0.0
"Policy, Institutional, and Geographic Impacts",2000,appeared,1,1.0
"Policy, Institutional, and Geographic Impacts",2001,filled,0,0.8705505632961241
"Policy, Institutional, and Geographic Impacts",2002,filled,0,0.757858283255199
"Policy, Institutional, and Geographic Impacts",2003,filled,0,0.6597539553864471
"Policy, Institutional, and Geographic Impacts",2004,filled,0,0.5743491774985174
"Policy, Institutional, and Geographic Impacts",2005,filled,0,0.49999999999999994
"Policy, Institutional, and Geographic Impacts",2006,filled,0,0.435275281648062
"Policy, Institutional, and Geographic Impacts",2007,filled,0,0.37892914162759944
"Policy, Institutional, and Geographic Impacts",2008,filled,0,0.3298769776932235
"Policy, Institutional, and Geographic Impacts",2009,filled,0,0.28717458874925866
"Policy, Institutional, and Geographic Impacts",2010,appeared,1,1.25
"Policy, Institutional, and Geographic Impacts",2011,filled,0,1.0881882041201552
"Policy, Institutional, and Geographic Impacts",2012,appeared,1,1.9473228540689989
"Policy, Institutional, and Geographic Impacts",2013,appeared,1,2.695243007529183
"Policy, Institutional, and Geographic Impacts",2014,appeared,1,3.3463453184244702
"Policy, Institutional, and Geographic Impacts",2015,appeared,1,3.91316280193777
"Policy, Institutional, and Geographic Impacts",2016,appeared,1,4.406606081496365
"Policy, Institutional, and Geographic Impacts",2017,appeared,1,4.836173406470786
"Policy, Institutional, and Geographic Impacts",2018,appeared,1,5.210133483200878
"Policy, Institutional, and Geographic Impacts",2019,appeared,1,5.5356846386485214
"Policy, Institutional, and Geographic Impacts",2020,appeared,1,5.819093380405172
"Policy, Institutional, and Geographic Impacts",2021,appeared,1,6.06581502018447
"Policy, Institutional, and Geographic Impacts",2022,appeared,1,6.28059868267168
"Policy, Institutional, and Geographic Impacts",2023,appeared,1,6.467578721036727
"Policy, Institutional, and Geographic Impacts",2024,appeared,1,6.630354298760548
"Policy, Institutional, and Geographic Impacts",2025,appeared,1,6.772058669638874
Pseudo-Panel/Household Budget Survey,1976,filled,0,0.0
Pseudo-Panel/Household Budget Survey,1977,filled,0,0.0
Pseudo-Panel/Household Budget Survey,1978,filled,0,0.0
Pseudo-Panel/Household Budget Survey,1979,filled,0,0.0
Pseudo-Panel/Household Budget Survey,1980,filled,0,0.0
Pseudo-Panel/Household Budget Survey,1981,filled,0,0.0
Pseudo-Panel/Household Budget Survey,1982,filled,0,0.0
Pseudo-Panel/Household Budget Survey,1983,filled,0,0.0
Pseudo-Panel/Household Budget Survey,1984,filled,0,0.0
Pseudo-Panel/Household Budget Survey,1985,filled,0,0.0
Pseudo-Panel/Household Budget Survey,1986,filled,0,0.0
Pseudo-Panel/Household Budget Survey,1987,filled,0,0.0
Pseudo-Panel/Household Budget Survey,1988,filled,0,0.0
Pseudo-Panel/Household Budget Survey,1989,filled,0,0.0
Pseudo-Panel/Household Budget Survey,1990,filled,0,0.0
Pseudo-Panel/Household Budget Survey,1991,filled,0,0.0
Pseudo-Panel/Household Budget Survey,1992,filled,0,0.0
Pseudo-Panel/Household Budget Survey,1993,filled,0,0.0
Pseudo-Panel/Household Budget Survey,1994,filled,0,0.0
Pseudo-Panel/Household Budget Survey,1995,filled,0,0.0
Pseudo-Panel/Household Budget Survey,1996,filled,0,0.0
Pseudo-Panel/Household Budget Survey,1997,filled,0,0.0
Pseudo-Panel/Household Budget Survey,1998,filled,0,0.0
Pseudo-Panel/Household Budget Survey,1999,filled,0,0.0
Pseudo-Panel/Household Budget Survey,2000,filled,0,0.0
Pseudo-Panel/Household Budget Survey,2001,filled,0,0.0
Pseudo-Panel/Household Budget Survey,2002,filled,0,0.0
Pseudo-Panel/Household Budget Survey,2003,filled,0,0.0
Pseudo-Panel/Household Budget Survey,2004,filled,0,0.0
Pseudo-Panel/Household Budget Survey,2005,filled,0,0.0
Pseudo-Panel/Household Budget Survey,2006,filled,0,0.0
Pseudo-Panel/Household Budget Survey,2007,filled,0,0.0
Pseudo-Panel/Household Budget Survey,2008,filled,0,0.0
Pseudo-Panel/Household Budget Survey,2009,filled,0,0.0
Pseudo-Panel/Household Budget Survey,2010,filled,0,0.0
Pseudo-Panel/Household Budget Survey,2011,filled,0,0.0
Pseudo-Panel/Household Budget Survey,2012,filled,0,0.0
Pseudo-Panel/Household Budget Survey,2013,filled,0,0.0
Pseudo-Panel/Household Budget Survey,2014,appeared,1,1.0
Pseudo-Panel/Household Budget Survey,2015,appeared,1,1.8705505632961241
Pseudo-Panel/Household Budget Survey,2016,filled,0,1.6284088465513231
Pseudo-Panel/Household Budget Survey,2017,filled,0,1.417612238641646
Pseudo-Panel/Household Budget Survey,2018,filled,0,1.2341031328849645
Pseudo-Panel/Household Budget Survey,2019,filled,0,1.0743491774985174
Pseudo-Panel/Household Budget Survey,2020,filled,0,0.935275281648062
Pseudo-Panel/Household Budget Survey,2021,filled,0,0.8142044232756614
Pseudo-Panel/Household Budget Survey,2022,filled,0,0.7088061193208229
Pseudo-Panel/Household Budget Survey,2023,filled,0,0.6170515664424822
Pseudo-Panel/Household Budget Survey,2024,filled,0,0.5371745887492586
Pseudo-Panel/Household Budget Survey,2025,filled,0,0.4676376408240309
Rank‐based Measures,1976,filled,0,0.0
Rank‐based Measures,1977,filled,0,0.0
Rank‐based Measures,1978,filled,0,0.0
Rank‐based Measures,1979,filled,0,0.0
Rank‐based Measures,1980,filled,0,0.0
Rank‐based Measures,1981,filled,0,0.0
Rank‐based Measures,1982,filled,0,0.0
Rank‐based Measures,1983,filled,0,0.0
Rank‐based Measures,1984,filled,0,0.0
Rank‐based Measures,1985,filled,0,0.0
Rank‐based Measures,1986,filled,0,0.0
Rank‐based Measures,1987,filled,0,0.0
Rank‐based Measures,1988,filled,0,0.0
Rank‐based Measures,1989,filled,0,0.0
Rank‐based Measures,1990,filled,0,0.0
Rank‐based Measures,1991,filled,0,0.0
Rank‐based Measures,1992,filled,0,0.0
Rank‐based Measures,1993,filled,0,0.0
Rank‐based Measures,1994,filled,0,0.0
Rank‐based Measures,1995,filled,0,0.0
Rank‐based Measures,1996,filled,0,0.0
Rank‐based Measures,1997,filled,0,0.0
Rank‐based Measures,1998,filled,0,0.0
Rank‐based Measures,1999,filled,0,0.0
Rank‐based Measures,2000,filled,0,0.0
Rank‐based Measures,2001,filled,0,0.0
Rank‐based Measures,2002,filled,0,0.0
Rank‐based Measures,2003,filled,0,0.0
Rank‐based Measures,2004,filled,0,0.0
Rank‐based Measures,2005,filled,0,0.0
Rank‐based Measures,2006,filled,0,0.0
Rank‐based Measures,2007,filled,0,0.0
Rank‐based Measures,2008,appeared,1,1.0
Rank‐based Measures,2009,filled,0,0.8705505632961241
Rank‐based Measures,2010,appeared,1,1.757858283255199
Rank‐based Measures,2011,appeared,1,2.5303045186825712
Rank‐based Measures,2012,filled,0,2.2027580240498406
Rank‐based Measures,2013,filled,0,1.917612238641646
Rank‐based Measures,2014,appeared,1,2.6693784145330266
Rank‐based Measures,2015,filled,0,2.323828882422241
Rank‐based Measures,2016,appeared,1,3.0230105425964844
Rank‐based Measures,2017,filled,0,2.6316835307074915
Rank‐based Measures,2018,appeared,1,3.2910135800745395
Rank‐based Measures,2019,appeared,1,3.8649937259490845
Rank‐based Measures,2020,appeared,1,4.364672465260961
Rank‐based Measures,2021,appeared,1,4.799668073236012
Rank‐based Measures,2022,appeared,1,5.178353744790034
Rank‐based Measures,2023,appeared,1,5.508018769473558
Rank‐based Measures,2024,appeared,1,5.79500884241083
Rank‐based Measures,2025,appeared,1,6.044848212066769
Regression‐based Measures,1976,filled,0,0.0
Regression‐based Measures,1977,filled,0,0.0
Regression‐based Measures,1978,filled,0,0.0
Regression‐based Measures,1979,appeared,1,1.0
Regression‐based Measures,1980,appeared,1,1.8705505632961241
Regression‐based Measures,1981,filled,0,1.6284088465513231
Regression‐based Measures,1982,filled,0,1.417612238641646
Regression‐based Measures,1983,filled,0,1.2341031328849645
Regression‐based Measures,1984,filled,0,1.0743491774985174
Regression‐based Measures,1985,filled,0,0.935275281648062
Regression‐based Measures,1986,filled,0,0.8142044232756614
Regression‐based Measures,1987,filled,0,0.7088061193208229
Regression‐based Measures,1988,filled,0,0.6170515664424822
Regression‐based Measures,1989,filled,0,0.5371745887492586
Regression‐based Measures,1990,appeared,1,1.467637640824031
Regression‐based Measures,1991,filled,0,1.277652774933955
Regression‐based Measures,1992,appeared,1,2.1122613429156107
Regression‐based Measures,1993,filled,0,1.8388303019038126
Regression‐based Measures,1994,filled,0,1.6007947551283461
Regression‐based Measures,1995,filled,0,1.3935727757984628
Regression‐based Measures,1996,filled,0,1.2131755649654952
Regression‐based Measures,1997,filled,0,1.0561306714578054
Regression‐based Measures,1998,appeared,1,1.9194151509519064
Regression‐based Measures,1999,appeared,1,2.670947940860297
Regression‐based Measures,2000,appeared,1,3.3251952344505544
Regression‐based Measures,2001,filled,0,2.8947505844205175
Regression‐based Measures,2002,appeared,1,3.5200267518690658
Regression‐based Measures,2003,appeared,1,4.064361271657042
Regression‐based Measures,2004,appeared,1,4.53823199447999
Regression‐based Measures,2005,appeared,1,4.950760419163048
Regression‐based Measures,2006,appeared,1,5.309887271646547
Regression‐based Measures,2007,appeared,1,5.622525355370821
Regression‐based Measures,2008,appeared,1,5.894692615264809
Regression‐based Measures,2009,appeared,1,6.131627976676283
Regression‐based Measures,2010,appeared,1,6.337892189017812
Regression‐based Measures,2011,appeared,1,6.5174556152595615
Regression‐based Measures,2012,appeared,1,6.673774657121698
Regression‐based Measures,2013,appeared,1,6.809858287068692
Regression‐based Measures,2014,appeared,1,6.928325967774429
Regression‐based Measures,2015,appeared,1,7.031458073945193
Regression‐based Measures,2016,appeared,1,7.1212397870660675
Regression‐based Measures,2017,appeared,1,7.199399307997136
Regression‐based Measures,2018,appeared,1,7.267441122970633
Regression‐based Measures,2019,appeared,1,7.326674963323501
Regression‐based Measures,2020,appeared,1,7.378241016408883
Regression‐based Measures,2021,appeared,1,7.4231318729693205
Regression‐based Measures,2022,appeared,1,7.462211633434855
Regression‐based Measures,2023,appeared,1,7.4962325409216035
Regression‐based Measures,2024,appeared,1,7.525849461098038
Regression‐based Measures,2025,appeared,1,7.551632487640729
Theoretical and Structural Models,1976,filled,0,0.0
Theoretical and Structural Models,1977,filled,0,0.0
Theoretical and Structural Models,1978,filled,0,0.0
Theoretical and Structural Models,1979,appeared,2,2.0
Theoretical and Structural Models,1980,filled,0,1.7411011265922482
Theoretical and Structural Models,1981,filled,0,1.515716566510398
Theoretical and Structural Models,1982,filled,0,1.3195079107728942
Theoretical and Structural Models,1983,filled,0,1.1486983549970349
Theoretical and Structural Models,1984,filled,0,0.9999999999999999
Theoretical and Structural Models,1985,filled,0,0.870550563296124
Theoretical and Structural Models,1986,filled,0,0.7578582832551989
Theoretical and Structural Models,1987,filled,0,0.659753955386447
Theoretical and Structural Models,1988,filled,0,0.5743491774985173
Theoretical and Structural Models,1989,filled,0,0.49999999999999983
Theoretical and Structural Models,1990,filled,0,0.4352752816480619
Theoretical and Structural Models,1991,filled,0,0.3789291416275994
Theoretical and Structural Models,1992,filled,0,0.32987697769322344
Theoretical and Structural Models,1993,filled,0,0.28717458874925866
Theoretical and Structural Models,1994,filled,0,0.24999999999999992
Theoretical and Structural Models,1995,appeared,2,2.217637640824031
Theoretical and Structural Models,1996,filled,0,1.930565697406048
Theoretical and Structural Models,1997,appeared,2,3.68065505535701
Theoretical and Structural Models,1998,filled,0,3.2041963317397717
Theoretical and Structural Models,1999,filled,0,2.789414921507433
Theoretical and Structural Models,2000,appeared,2,4.42832673118491
Theoretical and Structural Models,2001,filled,0,3.8550823302923076
Theoretical and Structural Models,2002,filled,0,3.356044094188903
Theoretical and Structural Models,2003,filled,0,2.9216060766427803
Theoretical and Structural Models,2004,filled,0,2.5434058157507518
Theoretical and Structural Models,2005,appeared,2,4.214163365592455
Theoretical and Structural Models,2006,filled,0,3.668642291738402
Theoretical and Structural Models,2007,appeared,2,5.19373861360485
Theoretical and Structural Models,2008,filled,0,4.521412075686533
Theoretical and Structural Models,2009,filled,0,3.9361178293828094
Theoretical and Structural Models,2010,appeared,2,5.426589593569123
Theoretical and Structural Models,2011,filled,0,4.724120627458485
Theoretical and Structural Models,2012,appeared,2,6.112585873312824
Theoretical and Structural Models,2013,appeared,2,7.3213150752084095
Theoretical and Structural Models,2014,filled,0,6.3735749627910865
Theoretical and Structural Models,2015,appeared,2,7.5485192740678535
Theoretical and Structural Models,2016,filled,0,6.5713677060914195
Theoretical and Structural Models,2017,filled,0,5.720707858163844
Theoretical and Structural Models,2018,appeared,2,6.9801654483770985
Theoretical and Structural Models,2019,appeared,2,8.076586962984827
Theoretical and Structural Models,2020,appeared,2,9.031077330136572
Theoretical and Structural Models,2021,appeared,2,9.86200945692125
Theoretical and Structural Models,2022,appeared,2,10.585377887954497
Theoretical and Structural Models,2023,filled,0,9.215106683061125
Theoretical and Structural Models,2024,appeared,2,10.02221631377274
Theoretical and Structural Models,2025,filled,0,8.724846057430463
Transition Matrix / Probability Measures,1976,filled,0,0.0
Transition Matrix / Probability Measures,1977,filled,0,0.0
Transition Matrix / Probability Measures,1978,filled,0,0.0
Transition Matrix / Probability Measures,1979,filled,0,0.0
Transition Matrix / Probability Measures,1980,filled,0,0.0
Transition Matrix / Probability Measures,1981,filled,0,0.0
Transition Matrix / Probability Measures,1982,filled,0,0.0
Transition Matrix / Probability Measures,1983,filled,0,0.0
Transition Matrix / Probability Measures,1984,filled,0,0.0
Transition Matrix / Probability Measures,1985,filled,0,0.0
Transition Matrix / Probability Measures,1986,filled,0,0.0
Transition Matrix / Probability Measures,1987,filled,0,0.0
Transition Matrix / Probability Measures,1988,filled,0,0.0
Transition Matrix / Probability Measures,1989,filled,0,0.0
Transition Matrix / Probability Measures,1990,filled,0,0.0
Transition Matrix / Probability Measures,1991,filled,0,0.0
Transition Matrix / Probability Measures,1992,filled,0,0.0
Transition Matrix / Probability Measures,1993,filled,0,0.0
Transition Matrix / Probability Measures,1994,filled,0,0.0
Transition Matrix / Probability Measures,1995,appeared,1,1.0
Transition Matrix / Probability Measures,1996,appeared,1,1.8705505632961241
Transition Matrix / Probability Measures,1997,filled,0,1.6284088465513231
Transition Matrix / Probability Measures,1998,appeared,1,2.417612238641646
Transition Matrix / Probability Measures,1999,filled,0,2.1046536961810887
Transition Matrix / Probability Measures,2000,filled,0,1.8322074607537164
Transition Matrix / Probability Measures,2001,appeared,1,2.595029237034509
Transition Matrix / Probability Measures,2002,filled,0,2.2591041640703033
Transition Matrix / Probability Measures,2003,appeared,1,2.966664402576022
Transition Matrix / Probability Measures,2004,filled,0,2.5826313667731156
Transition Matrix / Probability Measures,2005,appeared,1,3.2483111911305746
Transition Matrix / Probability Measures,2006,appeared,1,3.8278191371998256
Transition Matrix / Probability Measures,2007,appeared,1,4.332310106084992
Transition Matrix / Probability Measures,2008,appeared,1,4.771495003225781
Transition Matrix / Probability Measures,2009,appeared,1,5.153827662822845
Transition Matrix / Probability Measures,2010,appeared,1,5.486667575001575
Transition Matrix / Probability Measures,2011,appeared,1,5.7764215480362004
Transition Matrix / Probability Measures,2012,appeared,1,6.028667032478784
Transition Matrix / Probability Measures,2013,appeared,1,6.248259481049178
Transition Matrix / Probability Measures,2014,appeared,1,6.439425810847711
Transition Matrix / Probability Measures,2015,appeared,1,6.605845766937075
Transition Matrix / Probability Measures,2016,appeared,1,6.750722753454387
Transition Matrix / Probability Measures,2017,filled,0,5.8768454956756795
Transition Matrix / Probability Measures,2018,appeared,1,6.116091156664752
Transition Matrix / Probability Measures,2019,appeared,1,6.324366601604943
Transition Matrix / Probability Measures,2020,appeared,1,6.505680907518378
Transition Matrix / Probability Measures,2021,appeared,1,6.6635241786649635
Transition Matrix / Probability Measures,2022,appeared,1,6.800934727274127
Transition Matrix / Probability Measures,2023,appeared,1,6.920557557768664
Transition Matrix / Probability Measures,2024,appeared,1,7.02469528023876
Transition Matrix / Probability Measures,2025,filled,0,6.1153524331954765
University/Institution Data,1976,filled,0,0.0
University/Institution Data,1977,filled,0,0.0
University/Institution Data,1978,filled,0,0.0
University/Institution Data,1979,filled,0,0.0
University/Institution Data,1980,filled,0,0.0
University/Institution Data,1981,filled,0,0.0
University/Institution Data,1982,filled,0,0.0
University/Institution Data,1983,filled,0,0.0
University/Institution Data,1984,filled,0,0.0
University/Institution Data,1985,filled,0,0.0
University/Institution Data,1986,filled,0,0.0
University/Institution Data,1987,filled,0,0.0
University/Institution Data,1988,filled,0,0.0
University/Institution Data,1989,filled,0,0.0
University/Institution Data,1990,filled,0,0.0
University/Institution Data,1991,filled,0,0.0
University/Institution Data,1992,filled,0,0.0
University/Institution Data,1993,filled,0,0.0
University/Institution Data,1994,filled,0,0.0
University/Institution Data,1995,filled,0,0.0
University/Institution Data,1996,filled,0,0.0
University/Institution Data,1997,filled,0,0.0
University/Institution Data,1998,filled,0,0.0
University/Institution Data,1999,filled,0,0.0
University/Institution Data,2000,filled,0,0.0
University/Institution Data,2001,filled,0,0.0
University/Institution Data,2002,filled,0,0.0
University/Institution Data,2003,filled,0,0.0
University/Institution Data,2004,filled,0,0.0
University/Institution Data,2005,filled,0,0.0
University/Institution Data,2006,filled,0,0.0
University/Institution Data,2007,filled,0,0.0
University/Institution Data,2008,filled,0,0.0
University/Institution Data,2009,filled,0,0.0
University/Institution Data,2010,filled,0,0.0
University/Institution Data,2011,filled,0,0.0
University/Institution Data,2012,filled,0,0.0
University/Institution Data,2013,filled,0,0.0
University/Institution Data,2014,filled,0,0.0
University/Institution Data,2015,filled,0,0.0
University/Institution Data,2016,filled,0,0.0
University/Institution Data,2017,filled,0,0.0
University/Institution Data,2018,filled,0,0.0
University/Institution Data,2019,appeared,2,2.0
University/Institution Data,2020,filled,0,1.7411011265922482
University/Institution Data,2021,filled,0,1.515716566510398
University/Institution Data,2022,appeared,2,3.319507910772894
University/Institution Data,2023,filled,0,2.889799481589283
University/Institution Data,2024,filled,0,2.515716566510398
University/Institution Data,2025,filled,0,2.1900584740690183
